,Name,Cost,Stock Availability,Ratings
0,A Light in the ...,Â£51.77,In stock,Three
1,Tipping the Velvet,Â£53.74,In stock,One
2,Soumission,Â£50.10,In stock,One
3,Sharp Objects,Â£47.82,In stock,Four
4,Sapiens: A Brief History ...,Â£54.23,In stock,Five
5,The Requiem Red,Â£22.65,In stock,One
6,The Dirty Little Secrets ...,Â£33.34,In stock,Four
7,The Coming Woman: A ...,Â£17.93,In stock,Three
8,The Boys in the ...,Â£22.60,In stock,Four
9,The Black Maria,Â£52.15,In stock,One
10,Starving Hearts (Triangular Trade ...,Â£13.99,In stock,Two
11,Shakespeare's Sonnets,Â£20.66,In stock,Four
12,Set Me Free,Â£17.46,In stock,Five
13,Scott Pilgrim's Precious Little ...,Â£52.29,In stock,Five
14,Rip it Up and ...,Â£35.02,In stock,Five
15,Our Band Could Be ...,Â£57.25,In stock,Three
16,Olio,Â£23.88,In stock,One
17,Mesaerion: The Best Science ...,Â£37.59,In stock,One
18,Libertarianism for Beginners,Â£51.33,In stock,Two
19,It's Only the Himalayas,Â£45.17,In stock,Two
20,A Light in the ...,Â£51.77,In stock,Three
21,Tipping the Velvet,Â£53.74,In stock,One
22,Soumission,Â£50.10,In stock,One
23,Sharp Objects,Â£47.82,In stock,Four
24,Sapiens: A Brief History ...,Â£54.23,In stock,Five
25,The Requiem Red,Â£22.65,In stock,One
26,The Dirty Little Secrets ...,Â£33.34,In stock,Four
27,The Coming Woman: A ...,Â£17.93,In stock,Three
28,The Boys in the ...,Â£22.60,In stock,Four
29,The Black Maria,Â£52.15,In stock,One
30,Starving Hearts (Triangular Trade ...,Â£13.99,In stock,Two
31,Shakespeare's Sonnets,Â£20.66,In stock,Four
32,Set Me Free,Â£17.46,In stock,Five
33,Scott Pilgrim's Precious Little ...,Â£52.29,In stock,Five
34,Rip it Up and ...,Â£35.02,In stock,Five
35,Our Band Could Be ...,Â£57.25,In stock,Three
36,Olio,Â£23.88,In stock,One
37,Mesaerion: The Best Science ...,Â£37.59,In stock,One
38,Libertarianism for Beginners,Â£51.33,In stock,Two
39,It's Only the Himalayas,Â£45.17,In stock,Two
40,A Light in the ...,Â£51.77,In stock,Three
41,Tipping the Velvet,Â£53.74,In stock,One
42,Soumission,Â£50.10,In stock,One
43,Sharp Objects,Â£47.82,In stock,Four
44,Sapiens: A Brief History ...,Â£54.23,In stock,Five
45,The Requiem Red,Â£22.65,In stock,One
46,The Dirty Little Secrets ...,Â£33.34,In stock,Four
47,The Coming Woman: A ...,Â£17.93,In stock,Three
48,The Boys in the ...,Â£22.60,In stock,Four
49,The Black Maria,Â£52.15,In stock,One
50,Starving Hearts (Triangular Trade ...,Â£13.99,In stock,Two
51,Shakespeare's Sonnets,Â£20.66,In stock,Four
52,Set Me Free,Â£17.46,In stock,Five
53,Scott Pilgrim's Precious Little ...,Â£52.29,In stock,Five
54,Rip it Up and ...,Â£35.02,In stock,Five
55,Our Band Could Be ...,Â£57.25,In stock,Three
56,Olio,Â£23.88,In stock,One
57,Mesaerion: The Best Science ...,Â£37.59,In stock,One
58,Libertarianism for Beginners,Â£51.33,In stock,Two
59,It's Only the Himalayas,Â£45.17,In stock,Two
60,A Light in the ...,Â£51.77,In stock,Three
61,Tipping the Velvet,Â£53.74,In stock,One
62,Soumission,Â£50.10,In stock,One
63,Sharp Objects,Â£47.82,In stock,Four
64,Sapiens: A Brief History ...,Â£54.23,In stock,Five
65,The Requiem Red,Â£22.65,In stock,One
66,The Dirty Little Secrets ...,Â£33.34,In stock,Four
67,The Coming Woman: A ...,Â£17.93,In stock,Three
68,The Boys in the ...,Â£22.60,In stock,Four
69,The Black Maria,Â£52.15,In stock,One
70,Starving Hearts (Triangular Trade ...,Â£13.99,In stock,Two
71,Shakespeare's Sonnets,Â£20.66,In stock,Four
72,Set Me Free,Â£17.46,In stock,Five
73,Scott Pilgrim's Precious Little ...,Â£52.29,In stock,Five
74,Rip it Up and ...,Â£35.02,In stock,Five
75,Our Band Could Be ...,Â£57.25,In stock,Three
76,Olio,Â£23.88,In stock,One
77,Mesaerion: The Best Science ...,Â£37.59,In stock,One
78,Libertarianism for Beginners,Â£51.33,In stock,Two
79,It's Only the Himalayas,Â£45.17,In stock,Two
80,A Light in the ...,Â£51.77,In stock,Three
81,Tipping the Velvet,Â£53.74,In stock,One
82,Soumission,Â£50.10,In stock,One
83,Sharp Objects,Â£47.82,In stock,Four
84,Sapiens: A Brief History ...,Â£54.23,In stock,Five
85,The Requiem Red,Â£22.65,In stock,One
86,The Dirty Little Secrets ...,Â£33.34,In stock,Four
87,The Coming Woman: A ...,Â£17.93,In stock,Three
88,The Boys in the ...,Â£22.60,In stock,Four
89,The Black Maria,Â£52.15,In stock,One
90,Starving Hearts (Triangular Trade ...,Â£13.99,In stock,Two
91,Shakespeare's Sonnets,Â£20.66,In stock,Four
92,Set Me Free,Â£17.46,In stock,Five
93,Scott Pilgrim's Precious Little ...,Â£52.29,In stock,Five
94,Rip it Up and ...,Â£35.02,In stock,Five
95,Our Band Could Be ...,Â£57.25,In stock,Three
96,Olio,Â£23.88,In stock,One
97,Mesaerion: The Best Science ...,Â£37.59,In stock,One
98,Libertarianism for Beginners,Â£51.33,In stock,Two
99,It's Only the Himalayas,Â£45.17,In stock,Two
100,A Light in the ...,Â£51.77,In stock,Three
101,Tipping the Velvet,Â£53.74,In stock,One
102,Soumission,Â£50.10,In stock,One
103,Sharp Objects,Â£47.82,In stock,Four
104,Sapiens: A Brief History ...,Â£54.23,In stock,Five
105,The Requiem Red,Â£22.65,In stock,One
106,The Dirty Little Secrets ...,Â£33.34,In stock,Four
107,The Coming Woman: A ...,Â£17.93,In stock,Three
108,The Boys in the ...,Â£22.60,In stock,Four
109,The Black Maria,Â£52.15,In stock,One
110,Starving Hearts (Triangular Trade ...,Â£13.99,In stock,Two
111,Shakespeare's Sonnets,Â£20.66,In stock,Four
112,Set Me Free,Â£17.46,In stock,Five
113,Scott Pilgrim's Precious Little ...,Â£52.29,In stock,Five
114,Rip it Up and ...,Â£35.02,In stock,Five
115,Our Band Could Be ...,Â£57.25,In stock,Three
116,Olio,Â£23.88,In stock,One
117,Mesaerion: The Best Science ...,Â£37.59,In stock,One
118,Libertarianism for Beginners,Â£51.33,In stock,Two
119,It's Only the Himalayas,Â£45.17,In stock,Two
120,A Light in the ...,Â£51.77,In stock,Three
121,Tipping the Velvet,Â£53.74,In stock,One
122,Soumission,Â£50.10,In stock,One
123,Sharp Objects,Â£47.82,In stock,Four
124,Sapiens: A Brief History ...,Â£54.23,In stock,Five
125,The Requiem Red,Â£22.65,In stock,One
126,The Dirty Little Secrets ...,Â£33.34,In stock,Four
127,The Coming Woman: A ...,Â£17.93,In stock,Three
128,The Boys in the ...,Â£22.60,In stock,Four
129,The Black Maria,Â£52.15,In stock,One
130,Starving Hearts (Triangular Trade ...,Â£13.99,In stock,Two
131,Shakespeare's Sonnets,Â£20.66,In stock,Four
132,Set Me Free,Â£17.46,In stock,Five
133,Scott Pilgrim's Precious Little ...,Â£52.29,In stock,Five
134,Rip it Up and ...,Â£35.02,In stock,Five
135,Our Band Could Be ...,Â£57.25,In stock,Three
136,Olio,Â£23.88,In stock,One
137,Mesaerion: The Best Science ...,Â£37.59,In stock,One
138,Libertarianism for Beginners,Â£51.33,In stock,Two
139,It's Only the Himalayas,Â£45.17,In stock,Two
140,A Light in the ...,Â£51.77,In stock,Three
141,Tipping the Velvet,Â£53.74,In stock,One
142,Soumission,Â£50.10,In stock,One
143,Sharp Objects,Â£47.82,In stock,Four
144,Sapiens: A Brief History ...,Â£54.23,In stock,Five
145,The Requiem Red,Â£22.65,In stock,One
146,The Dirty Little Secrets ...,Â£33.34,In stock,Four
147,The Coming Woman: A ...,Â£17.93,In stock,Three
148,The Boys in the ...,Â£22.60,In stock,Four
149,The Black Maria,Â£52.15,In stock,One
150,Starving Hearts (Triangular Trade ...,Â£13.99,In stock,Two
151,Shakespeare's Sonnets,Â£20.66,In stock,Four
152,Set Me Free,Â£17.46,In stock,Five
153,Scott Pilgrim's Precious Little ...,Â£52.29,In stock,Five
154,Rip it Up and ...,Â£35.02,In stock,Five
155,Our Band Could Be ...,Â£57.25,In stock,Three
156,Olio,Â£23.88,In stock,One
157,Mesaerion: The Best Science ...,Â£37.59,In stock,One
158,Libertarianism for Beginners,Â£51.33,In stock,Two
159,It's Only the Himalayas,Â£45.17,In stock,Two
160,A Light in the ...,Â£51.77,In stock,Three
161,Tipping the Velvet,Â£53.74,In stock,One
162,Soumission,Â£50.10,In stock,One
163,Sharp Objects,Â£47.82,In stock,Four
164,Sapiens: A Brief History ...,Â£54.23,In stock,Five
165,The Requiem Red,Â£22.65,In stock,One
166,The Dirty Little Secrets ...,Â£33.34,In stock,Four
167,The Coming Woman: A ...,Â£17.93,In stock,Three
168,The Boys in the ...,Â£22.60,In stock,Four
169,The Black Maria,Â£52.15,In stock,One
170,Starving Hearts (Triangular Trade ...,Â£13.99,In stock,Two
171,Shakespeare's Sonnets,Â£20.66,In stock,Four
172,Set Me Free,Â£17.46,In stock,Five
173,Scott Pilgrim's Precious Little ...,Â£52.29,In stock,Five
174,Rip it Up and ...,Â£35.02,In stock,Five
175,Our Band Could Be ...,Â£57.25,In stock,Three
176,Olio,Â£23.88,In stock,One
177,Mesaerion: The Best Science ...,Â£37.59,In stock,One
178,Libertarianism for Beginners,Â£51.33,In stock,Two
179,It's Only the Himalayas,Â£45.17,In stock,Two
180,A Light in the ...,Â£51.77,In stock,Three
181,Tipping the Velvet,Â£53.74,In stock,One
182,Soumission,Â£50.10,In stock,One
183,Sharp Objects,Â£47.82,In stock,Four
184,Sapiens: A Brief History ...,Â£54.23,In stock,Five
185,The Requiem Red,Â£22.65,In stock,One
186,The Dirty Little Secrets ...,Â£33.34,In stock,Four
187,The Coming Woman: A ...,Â£17.93,In stock,Three
188,The Boys in the ...,Â£22.60,In stock,Four
189,The Black Maria,Â£52.15,In stock,One
190,Starving Hearts (Triangular Trade ...,Â£13.99,In stock,Two
191,Shakespeare's Sonnets,Â£20.66,In stock,Four
192,Set Me Free,Â£17.46,In stock,Five
193,Scott Pilgrim's Precious Little ...,Â£52.29,In stock,Five
194,Rip it Up and ...,Â£35.02,In stock,Five
195,Our Band Could Be ...,Â£57.25,In stock,Three
196,Olio,Â£23.88,In stock,One
197,Mesaerion: The Best Science ...,Â£37.59,In stock,One
198,Libertarianism for Beginners,Â£51.33,In stock,Two
199,It's Only the Himalayas,Â£45.17,In stock,Two
200,A Light in the ...,Â£51.77,In stock,Three
201,Tipping the Velvet,Â£53.74,In stock,One
202,Soumission,Â£50.10,In stock,One
203,Sharp Objects,Â£47.82,In stock,Four
204,Sapiens: A Brief History ...,Â£54.23,In stock,Five
205,The Requiem Red,Â£22.65,In stock,One
206,The Dirty Little Secrets ...,Â£33.34,In stock,Four
207,The Coming Woman: A ...,Â£17.93,In stock,Three
208,The Boys in the ...,Â£22.60,In stock,Four
209,The Black Maria,Â£52.15,In stock,One
210,Starving Hearts (Triangular Trade ...,Â£13.99,In stock,Two
211,Shakespeare's Sonnets,Â£20.66,In stock,Four
212,Set Me Free,Â£17.46,In stock,Five
213,Scott Pilgrim's Precious Little ...,Â£52.29,In stock,Five
214,Rip it Up and ...,Â£35.02,In stock,Five
215,Our Band Could Be ...,Â£57.25,In stock,Three
216,Olio,Â£23.88,In stock,One
217,Mesaerion: The Best Science ...,Â£37.59,In stock,One
218,Libertarianism for Beginners,Â£51.33,In stock,Two
219,It's Only the Himalayas,Â£45.17,In stock,Two
220,A Light in the ...,Â£51.77,In stock,Three
221,Tipping the Velvet,Â£53.74,In stock,One
222,Soumission,Â£50.10,In stock,One
223,Sharp Objects,Â£47.82,In stock,Four
224,Sapiens: A Brief History ...,Â£54.23,In stock,Five
225,The Requiem Red,Â£22.65,In stock,One
226,The Dirty Little Secrets ...,Â£33.34,In stock,Four
227,The Coming Woman: A ...,Â£17.93,In stock,Three
228,The Boys in the ...,Â£22.60,In stock,Four
229,The Black Maria,Â£52.15,In stock,One
230,Starving Hearts (Triangular Trade ...,Â£13.99,In stock,Two
231,Shakespeare's Sonnets,Â£20.66,In stock,Four
232,Set Me Free,Â£17.46,In stock,Five
233,Scott Pilgrim's Precious Little ...,Â£52.29,In stock,Five
234,Rip it Up and ...,Â£35.02,In stock,Five
235,Our Band Could Be ...,Â£57.25,In stock,Three
236,Olio,Â£23.88,In stock,One
237,Mesaerion: The Best Science ...,Â£37.59,In stock,One
238,Libertarianism for Beginners,Â£51.33,In stock,Two
239,It's Only the Himalayas,Â£45.17,In stock,Two
240,A Light in the ...,Â£51.77,In stock,Three
241,Tipping the Velvet,Â£53.74,In stock,One
242,Soumission,Â£50.10,In stock,One
243,Sharp Objects,Â£47.82,In stock,Four
244,Sapiens: A Brief History ...,Â£54.23,In stock,Five
245,The Requiem Red,Â£22.65,In stock,One
246,The Dirty Little Secrets ...,Â£33.34,In stock,Four
247,The Coming Woman: A ...,Â£17.93,In stock,Three
248,The Boys in the ...,Â£22.60,In stock,Four
249,The Black Maria,Â£52.15,In stock,One
250,Starving Hearts (Triangular Trade ...,Â£13.99,In stock,Two
251,Shakespeare's Sonnets,Â£20.66,In stock,Four
252,Set Me Free,Â£17.46,In stock,Five
253,Scott Pilgrim's Precious Little ...,Â£52.29,In stock,Five
254,Rip it Up and ...,Â£35.02,In stock,Five
255,Our Band Could Be ...,Â£57.25,In stock,Three
256,Olio,Â£23.88,In stock,One
257,Mesaerion: The Best Science ...,Â£37.59,In stock,One
258,Libertarianism for Beginners,Â£51.33,In stock,Two
259,It's Only the Himalayas,Â£45.17,In stock,Two
260,A Light in the ...,Â£51.77,In stock,Three
261,Tipping the Velvet,Â£53.74,In stock,One
262,Soumission,Â£50.10,In stock,One
263,Sharp Objects,Â£47.82,In stock,Four
264,Sapiens: A Brief History ...,Â£54.23,In stock,Five
265,The Requiem Red,Â£22.65,In stock,One
266,The Dirty Little Secrets ...,Â£33.34,In stock,Four
267,The Coming Woman: A ...,Â£17.93,In stock,Three
268,The Boys in the ...,Â£22.60,In stock,Four
269,The Black Maria,Â£52.15,In stock,One
270,Starving Hearts (Triangular Trade ...,Â£13.99,In stock,Two
271,Shakespeare's Sonnets,Â£20.66,In stock,Four
272,Set Me Free,Â£17.46,In stock,Five
273,Scott Pilgrim's Precious Little ...,Â£52.29,In stock,Five
274,Rip it Up and ...,Â£35.02,In stock,Five
275,Our Band Could Be ...,Â£57.25,In stock,Three
276,Olio,Â£23.88,In stock,One
277,Mesaerion: The Best Science ...,Â£37.59,In stock,One
278,Libertarianism for Beginners,Â£51.33,In stock,Two
279,It's Only the Himalayas,Â£45.17,In stock,Two
280,A Light in the ...,Â£51.77,In stock,Three
281,Tipping the Velvet,Â£53.74,In stock,One
282,Soumission,Â£50.10,In stock,One
283,Sharp Objects,Â£47.82,In stock,Four
284,Sapiens: A Brief History ...,Â£54.23,In stock,Five
285,The Requiem Red,Â£22.65,In stock,One
286,The Dirty Little Secrets ...,Â£33.34,In stock,Four
287,The Coming Woman: A ...,Â£17.93,In stock,Three
288,The Boys in the ...,Â£22.60,In stock,Four
289,The Black Maria,Â£52.15,In stock,One
290,Starving Hearts (Triangular Trade ...,Â£13.99,In stock,Two
291,Shakespeare's Sonnets,Â£20.66,In stock,Four
292,Set Me Free,Â£17.46,In stock,Five
293,Scott Pilgrim's Precious Little ...,Â£52.29,In stock,Five
294,Rip it Up and ...,Â£35.02,In stock,Five
295,Our Band Could Be ...,Â£57.25,In stock,Three
296,Olio,Â£23.88,In stock,One
297,Mesaerion: The Best Science ...,Â£37.59,In stock,One
298,Libertarianism for Beginners,Â£51.33,In stock,Two
299,It's Only the Himalayas,Â£45.17,In stock,Two
300,A Light in the ...,Â£51.77,In stock,Three
301,Tipping the Velvet,Â£53.74,In stock,One
302,Soumission,Â£50.10,In stock,One
303,Sharp Objects,Â£47.82,In stock,Four
304,Sapiens: A Brief History ...,Â£54.23,In stock,Five
305,The Requiem Red,Â£22.65,In stock,One
306,The Dirty Little Secrets ...,Â£33.34,In stock,Four
307,The Coming Woman: A ...,Â£17.93,In stock,Three
308,The Boys in the ...,Â£22.60,In stock,Four
309,The Black Maria,Â£52.15,In stock,One
310,Starving Hearts (Triangular Trade ...,Â£13.99,In stock,Two
311,Shakespeare's Sonnets,Â£20.66,In stock,Four
312,Set Me Free,Â£17.46,In stock,Five
313,Scott Pilgrim's Precious Little ...,Â£52.29,In stock,Five
314,Rip it Up and ...,Â£35.02,In stock,Five
315,Our Band Could Be ...,Â£57.25,In stock,Three
316,Olio,Â£23.88,In stock,One
317,Mesaerion: The Best Science ...,Â£37.59,In stock,One
318,Libertarianism for Beginners,Â£51.33,In stock,Two
319,It's Only the Himalayas,Â£45.17,In stock,Two
320,A Light in the ...,Â£51.77,In stock,Three
321,Tipping the Velvet,Â£53.74,In stock,One
322,Soumission,Â£50.10,In stock,One
323,Sharp Objects,Â£47.82,In stock,Four
324,Sapiens: A Brief History ...,Â£54.23,In stock,Five
325,The Requiem Red,Â£22.65,In stock,One
326,The Dirty Little Secrets ...,Â£33.34,In stock,Four
327,The Coming Woman: A ...,Â£17.93,In stock,Three
328,The Boys in the ...,Â£22.60,In stock,Four
329,The Black Maria,Â£52.15,In stock,One
330,Starving Hearts (Triangular Trade ...,Â£13.99,In stock,Two
331,Shakespeare's Sonnets,Â£20.66,In stock,Four
332,Set Me Free,Â£17.46,In stock,Five
333,Scott Pilgrim's Precious Little ...,Â£52.29,In stock,Five
334,Rip it Up and ...,Â£35.02,In stock,Five
335,Our Band Could Be ...,Â£57.25,In stock,Three
336,Olio,Â£23.88,In stock,One
337,Mesaerion: The Best Science ...,Â£37.59,In stock,One
338,Libertarianism for Beginners,Â£51.33,In stock,Two
339,It's Only the Himalayas,Â£45.17,In stock,Two
340,A Light in the ...,Â£51.77,In stock,Three
341,Tipping the Velvet,Â£53.74,In stock,One
342,Soumission,Â£50.10,In stock,One
343,Sharp Objects,Â£47.82,In stock,Four
344,Sapiens: A Brief History ...,Â£54.23,In stock,Five
345,The Requiem Red,Â£22.65,In stock,One
346,The Dirty Little Secrets ...,Â£33.34,In stock,Four
347,The Coming Woman: A ...,Â£17.93,In stock,Three
348,The Boys in the ...,Â£22.60,In stock,Four
349,The Black Maria,Â£52.15,In stock,One
350,Starving Hearts (Triangular Trade ...,Â£13.99,In stock,Two
351,Shakespeare's Sonnets,Â£20.66,In stock,Four
352,Set Me Free,Â£17.46,In stock,Five
353,Scott Pilgrim's Precious Little ...,Â£52.29,In stock,Five
354,Rip it Up and ...,Â£35.02,In stock,Five
355,Our Band Could Be ...,Â£57.25,In stock,Three
356,Olio,Â£23.88,In stock,One
357,Mesaerion: The Best Science ...,Â£37.59,In stock,One
358,Libertarianism for Beginners,Â£51.33,In stock,Two
359,It's Only the Himalayas,Â£45.17,In stock,Two
360,A Light in the ...,Â£51.77,In stock,Three
361,Tipping the Velvet,Â£53.74,In stock,One
362,Soumission,Â£50.10,In stock,One
363,Sharp Objects,Â£47.82,In stock,Four
364,Sapiens: A Brief History ...,Â£54.23,In stock,Five
365,The Requiem Red,Â£22.65,In stock,One
366,The Dirty Little Secrets ...,Â£33.34,In stock,Four
367,The Coming Woman: A ...,Â£17.93,In stock,Three
368,The Boys in the ...,Â£22.60,In stock,Four
369,The Black Maria,Â£52.15,In stock,One
370,Starving Hearts (Triangular Trade ...,Â£13.99,In stock,Two
371,Shakespeare's Sonnets,Â£20.66,In stock,Four
372,Set Me Free,Â£17.46,In stock,Five
373,Scott Pilgrim's Precious Little ...,Â£52.29,In stock,Five
374,Rip it Up and ...,Â£35.02,In stock,Five
375,Our Band Could Be ...,Â£57.25,In stock,Three
376,Olio,Â£23.88,In stock,One
377,Mesaerion: The Best Science ...,Â£37.59,In stock,One
378,Libertarianism for Beginners,Â£51.33,In stock,Two
379,It's Only the Himalayas,Â£45.17,In stock,Two
380,A Light in the ...,Â£51.77,In stock,Three
381,Tipping the Velvet,Â£53.74,In stock,One
382,Soumission,Â£50.10,In stock,One
383,Sharp Objects,Â£47.82,In stock,Four
384,Sapiens: A Brief History ...,Â£54.23,In stock,Five
385,The Requiem Red,Â£22.65,In stock,One
386,The Dirty Little Secrets ...,Â£33.34,In stock,Four
387,The Coming Woman: A ...,Â£17.93,In stock,Three
388,The Boys in the ...,Â£22.60,In stock,Four
389,The Black Maria,Â£52.15,In stock,One
390,Starving Hearts (Triangular Trade ...,Â£13.99,In stock,Two
391,Shakespeare's Sonnets,Â£20.66,In stock,Four
392,Set Me Free,Â£17.46,In stock,Five
393,Scott Pilgrim's Precious Little ...,Â£52.29,In stock,Five
394,Rip it Up and ...,Â£35.02,In stock,Five
395,Our Band Could Be ...,Â£57.25,In stock,Three
396,Olio,Â£23.88,In stock,One
397,Mesaerion: The Best Science ...,Â£37.59,In stock,One
398,Libertarianism for Beginners,Â£51.33,In stock,Two
399,It's Only the Himalayas,Â£45.17,In stock,Two
400,A Light in the ...,Â£51.77,In stock,Three
401,Tipping the Velvet,Â£53.74,In stock,One
402,Soumission,Â£50.10,In stock,One
403,Sharp Objects,Â£47.82,In stock,Four
404,Sapiens: A Brief History ...,Â£54.23,In stock,Five
405,The Requiem Red,Â£22.65,In stock,One
406,The Dirty Little Secrets ...,Â£33.34,In stock,Four
407,The Coming Woman: A ...,Â£17.93,In stock,Three
408,The Boys in the ...,Â£22.60,In stock,Four
409,The Black Maria,Â£52.15,In stock,One
410,Starving Hearts (Triangular Trade ...,Â£13.99,In stock,Two
411,Shakespeare's Sonnets,Â£20.66,In stock,Four
412,Set Me Free,Â£17.46,In stock,Five
413,Scott Pilgrim's Precious Little ...,Â£52.29,In stock,Five
414,Rip it Up and ...,Â£35.02,In stock,Five
415,Our Band Could Be ...,Â£57.25,In stock,Three
416,Olio,Â£23.88,In stock,One
417,Mesaerion: The Best Science ...,Â£37.59,In stock,One
418,Libertarianism for Beginners,Â£51.33,In stock,Two
419,It's Only the Himalayas,Â£45.17,In stock,Two
420,A Light in the ...,Â£51.77,In stock,Three
421,Tipping the Velvet,Â£53.74,In stock,One
422,Soumission,Â£50.10,In stock,One
423,Sharp Objects,Â£47.82,In stock,Four
424,Sapiens: A Brief History ...,Â£54.23,In stock,Five
425,The Requiem Red,Â£22.65,In stock,One
426,The Dirty Little Secrets ...,Â£33.34,In stock,Four
427,The Coming Woman: A ...,Â£17.93,In stock,Three
428,The Boys in the ...,Â£22.60,In stock,Four
429,The Black Maria,Â£52.15,In stock,One
430,Starving Hearts (Triangular Trade ...,Â£13.99,In stock,Two
431,Shakespeare's Sonnets,Â£20.66,In stock,Four
432,Set Me Free,Â£17.46,In stock,Five
433,Scott Pilgrim's Precious Little ...,Â£52.29,In stock,Five
434,Rip it Up and ...,Â£35.02,In stock,Five
435,Our Band Could Be ...,Â£57.25,In stock,Three
436,Olio,Â£23.88,In stock,One
437,Mesaerion: The Best Science ...,Â£37.59,In stock,One
438,Libertarianism for Beginners,Â£51.33,In stock,Two
439,It's Only the Himalayas,Â£45.17,In stock,Two
440,A Light in the ...,Â£51.77,In stock,Three
441,Tipping the Velvet,Â£53.74,In stock,One
442,Soumission,Â£50.10,In stock,One
443,Sharp Objects,Â£47.82,In stock,Four
444,Sapiens: A Brief History ...,Â£54.23,In stock,Five
445,The Requiem Red,Â£22.65,In stock,One
446,The Dirty Little Secrets ...,Â£33.34,In stock,Four
447,The Coming Woman: A ...,Â£17.93,In stock,Three
448,The Boys in the ...,Â£22.60,In stock,Four
449,The Black Maria,Â£52.15,In stock,One
450,Starving Hearts (Triangular Trade ...,Â£13.99,In stock,Two
451,Shakespeare's Sonnets,Â£20.66,In stock,Four
452,Set Me Free,Â£17.46,In stock,Five
453,Scott Pilgrim's Precious Little ...,Â£52.29,In stock,Five
454,Rip it Up and ...,Â£35.02,In stock,Five
455,Our Band Could Be ...,Â£57.25,In stock,Three
456,Olio,Â£23.88,In stock,One
457,Mesaerion: The Best Science ...,Â£37.59,In stock,One
458,Libertarianism for Beginners,Â£51.33,In stock,Two
459,It's Only the Himalayas,Â£45.17,In stock,Two
460,A Light in the ...,Â£51.77,In stock,Three
461,Tipping the Velvet,Â£53.74,In stock,One
462,Soumission,Â£50.10,In stock,One
463,Sharp Objects,Â£47.82,In stock,Four
464,Sapiens: A Brief History ...,Â£54.23,In stock,Five
465,The Requiem Red,Â£22.65,In stock,One
466,The Dirty Little Secrets ...,Â£33.34,In stock,Four
467,The Coming Woman: A ...,Â£17.93,In stock,Three
468,The Boys in the ...,Â£22.60,In stock,Four
469,The Black Maria,Â£52.15,In stock,One
470,Starving Hearts (Triangular Trade ...,Â£13.99,In stock,Two
471,Shakespeare's Sonnets,Â£20.66,In stock,Four
472,Set Me Free,Â£17.46,In stock,Five
473,Scott Pilgrim's Precious Little ...,Â£52.29,In stock,Five
474,Rip it Up and ...,Â£35.02,In stock,Five
475,Our Band Could Be ...,Â£57.25,In stock,Three
476,Olio,Â£23.88,In stock,One
477,Mesaerion: The Best Science ...,Â£37.59,In stock,One
478,Libertarianism for Beginners,Â£51.33,In stock,Two
479,It's Only the Himalayas,Â£45.17,In stock,Two
480,A Light in the ...,Â£51.77,In stock,Three
481,Tipping the Velvet,Â£53.74,In stock,One
482,Soumission,Â£50.10,In stock,One
483,Sharp Objects,Â£47.82,In stock,Four
484,Sapiens: A Brief History ...,Â£54.23,In stock,Five
485,The Requiem Red,Â£22.65,In stock,One
486,The Dirty Little Secrets ...,Â£33.34,In stock,Four
487,The Coming Woman: A ...,Â£17.93,In stock,Three
488,The Boys in the ...,Â£22.60,In stock,Four
489,The Black Maria,Â£52.15,In stock,One
490,Starving Hearts (Triangular Trade ...,Â£13.99,In stock,Two
491,Shakespeare's Sonnets,Â£20.66,In stock,Four
492,Set Me Free,Â£17.46,In stock,Five
493,Scott Pilgrim's Precious Little ...,Â£52.29,In stock,Five
494,Rip it Up and ...,Â£35.02,In stock,Five
495,Our Band Could Be ...,Â£57.25,In stock,Three
496,Olio,Â£23.88,In stock,One
497,Mesaerion: The Best Science ...,Â£37.59,In stock,One
498,Libertarianism for Beginners,Â£51.33,In stock,Two
499,It's Only the Himalayas,Â£45.17,In stock,Two
500,A Light in the ...,Â£51.77,In stock,Three
501,Tipping the Velvet,Â£53.74,In stock,One
502,Soumission,Â£50.10,In stock,One
503,Sharp Objects,Â£47.82,In stock,Four
504,Sapiens: A Brief History ...,Â£54.23,In stock,Five
505,The Requiem Red,Â£22.65,In stock,One
506,The Dirty Little Secrets ...,Â£33.34,In stock,Four
507,The Coming Woman: A ...,Â£17.93,In stock,Three
508,The Boys in the ...,Â£22.60,In stock,Four
509,The Black Maria,Â£52.15,In stock,One
510,Starving Hearts (Triangular Trade ...,Â£13.99,In stock,Two
511,Shakespeare's Sonnets,Â£20.66,In stock,Four
512,Set Me Free,Â£17.46,In stock,Five
513,Scott Pilgrim's Precious Little ...,Â£52.29,In stock,Five
514,Rip it Up and ...,Â£35.02,In stock,Five
515,Our Band Could Be ...,Â£57.25,In stock,Three
516,Olio,Â£23.88,In stock,One
517,Mesaerion: The Best Science ...,Â£37.59,In stock,One
518,Libertarianism for Beginners,Â£51.33,In stock,Two
519,It's Only the Himalayas,Â£45.17,In stock,Two
520,A Light in the ...,Â£51.77,In stock,Three
521,Tipping the Velvet,Â£53.74,In stock,One
522,Soumission,Â£50.10,In stock,One
523,Sharp Objects,Â£47.82,In stock,Four
524,Sapiens: A Brief History ...,Â£54.23,In stock,Five
525,The Requiem Red,Â£22.65,In stock,One
526,The Dirty Little Secrets ...,Â£33.34,In stock,Four
527,The Coming Woman: A ...,Â£17.93,In stock,Three
528,The Boys in the ...,Â£22.60,In stock,Four
529,The Black Maria,Â£52.15,In stock,One
530,Starving Hearts (Triangular Trade ...,Â£13.99,In stock,Two
531,Shakespeare's Sonnets,Â£20.66,In stock,Four
532,Set Me Free,Â£17.46,In stock,Five
533,Scott Pilgrim's Precious Little ...,Â£52.29,In stock,Five
534,Rip it Up and ...,Â£35.02,In stock,Five
535,Our Band Could Be ...,Â£57.25,In stock,Three
536,Olio,Â£23.88,In stock,One
537,Mesaerion: The Best Science ...,Â£37.59,In stock,One
538,Libertarianism for Beginners,Â£51.33,In stock,Two
539,It's Only the Himalayas,Â£45.17,In stock,Two
540,A Light in the ...,Â£51.77,In stock,Three
541,Tipping the Velvet,Â£53.74,In stock,One
542,Soumission,Â£50.10,In stock,One
543,Sharp Objects,Â£47.82,In stock,Four
544,Sapiens: A Brief History ...,Â£54.23,In stock,Five
545,The Requiem Red,Â£22.65,In stock,One
546,The Dirty Little Secrets ...,Â£33.34,In stock,Four
547,The Coming Woman: A ...,Â£17.93,In stock,Three
548,The Boys in the ...,Â£22.60,In stock,Four
549,The Black Maria,Â£52.15,In stock,One
550,Starving Hearts (Triangular Trade ...,Â£13.99,In stock,Two
551,Shakespeare's Sonnets,Â£20.66,In stock,Four
552,Set Me Free,Â£17.46,In stock,Five
553,Scott Pilgrim's Precious Little ...,Â£52.29,In stock,Five
554,Rip it Up and ...,Â£35.02,In stock,Five
555,Our Band Could Be ...,Â£57.25,In stock,Three
556,Olio,Â£23.88,In stock,One
557,Mesaerion: The Best Science ...,Â£37.59,In stock,One
558,Libertarianism for Beginners,Â£51.33,In stock,Two
559,It's Only the Himalayas,Â£45.17,In stock,Two
560,A Light in the ...,Â£51.77,In stock,Three
561,Tipping the Velvet,Â£53.74,In stock,One
562,Soumission,Â£50.10,In stock,One
563,Sharp Objects,Â£47.82,In stock,Four
564,Sapiens: A Brief History ...,Â£54.23,In stock,Five
565,The Requiem Red,Â£22.65,In stock,One
566,The Dirty Little Secrets ...,Â£33.34,In stock,Four
567,The Coming Woman: A ...,Â£17.93,In stock,Three
568,The Boys in the ...,Â£22.60,In stock,Four
569,The Black Maria,Â£52.15,In stock,One
570,Starving Hearts (Triangular Trade ...,Â£13.99,In stock,Two
571,Shakespeare's Sonnets,Â£20.66,In stock,Four
572,Set Me Free,Â£17.46,In stock,Five
573,Scott Pilgrim's Precious Little ...,Â£52.29,In stock,Five
574,Rip it Up and ...,Â£35.02,In stock,Five
575,Our Band Could Be ...,Â£57.25,In stock,Three
576,Olio,Â£23.88,In stock,One
577,Mesaerion: The Best Science ...,Â£37.59,In stock,One
578,Libertarianism for Beginners,Â£51.33,In stock,Two
579,It's Only the Himalayas,Â£45.17,In stock,Two
580,A Light in the ...,Â£51.77,In stock,Three
581,Tipping the Velvet,Â£53.74,In stock,One
582,Soumission,Â£50.10,In stock,One
583,Sharp Objects,Â£47.82,In stock,Four
584,Sapiens: A Brief History ...,Â£54.23,In stock,Five
585,The Requiem Red,Â£22.65,In stock,One
586,The Dirty Little Secrets ...,Â£33.34,In stock,Four
587,The Coming Woman: A ...,Â£17.93,In stock,Three
588,The Boys in the ...,Â£22.60,In stock,Four
589,The Black Maria,Â£52.15,In stock,One
590,Starving Hearts (Triangular Trade ...,Â£13.99,In stock,Two
591,Shakespeare's Sonnets,Â£20.66,In stock,Four
592,Set Me Free,Â£17.46,In stock,Five
593,Scott Pilgrim's Precious Little ...,Â£52.29,In stock,Five
594,Rip it Up and ...,Â£35.02,In stock,Five
595,Our Band Could Be ...,Â£57.25,In stock,Three
596,Olio,Â£23.88,In stock,One
597,Mesaerion: The Best Science ...,Â£37.59,In stock,One
598,Libertarianism for Beginners,Â£51.33,In stock,Two
599,It's Only the Himalayas,Â£45.17,In stock,Two
600,A Light in the ...,Â£51.77,In stock,Three
601,Tipping the Velvet,Â£53.74,In stock,One
602,Soumission,Â£50.10,In stock,One
603,Sharp Objects,Â£47.82,In stock,Four
604,Sapiens: A Brief History ...,Â£54.23,In stock,Five
605,The Requiem Red,Â£22.65,In stock,One
606,The Dirty Little Secrets ...,Â£33.34,In stock,Four
607,The Coming Woman: A ...,Â£17.93,In stock,Three
608,The Boys in the ...,Â£22.60,In stock,Four
609,The Black Maria,Â£52.15,In stock,One
610,Starving Hearts (Triangular Trade ...,Â£13.99,In stock,Two
611,Shakespeare's Sonnets,Â£20.66,In stock,Four
612,Set Me Free,Â£17.46,In stock,Five
613,Scott Pilgrim's Precious Little ...,Â£52.29,In stock,Five
614,Rip it Up and ...,Â£35.02,In stock,Five
615,Our Band Could Be ...,Â£57.25,In stock,Three
616,Olio,Â£23.88,In stock,One
617,Mesaerion: The Best Science ...,Â£37.59,In stock,One
618,Libertarianism for Beginners,Â£51.33,In stock,Two
619,It's Only the Himalayas,Â£45.17,In stock,Two
620,A Light in the ...,Â£51.77,In stock,Three
621,Tipping the Velvet,Â£53.74,In stock,One
622,Soumission,Â£50.10,In stock,One
623,Sharp Objects,Â£47.82,In stock,Four
624,Sapiens: A Brief History ...,Â£54.23,In stock,Five
625,The Requiem Red,Â£22.65,In stock,One
626,The Dirty Little Secrets ...,Â£33.34,In stock,Four
627,The Coming Woman: A ...,Â£17.93,In stock,Three
628,The Boys in the ...,Â£22.60,In stock,Four
629,The Black Maria,Â£52.15,In stock,One
630,Starving Hearts (Triangular Trade ...,Â£13.99,In stock,Two
631,Shakespeare's Sonnets,Â£20.66,In stock,Four
632,Set Me Free,Â£17.46,In stock,Five
633,Scott Pilgrim's Precious Little ...,Â£52.29,In stock,Five
634,Rip it Up and ...,Â£35.02,In stock,Five
635,Our Band Could Be ...,Â£57.25,In stock,Three
636,Olio,Â£23.88,In stock,One
637,Mesaerion: The Best Science ...,Â£37.59,In stock,One
638,Libertarianism for Beginners,Â£51.33,In stock,Two
639,It's Only the Himalayas,Â£45.17,In stock,Two
640,A Light in the ...,Â£51.77,In stock,Three
641,Tipping the Velvet,Â£53.74,In stock,One
642,Soumission,Â£50.10,In stock,One
643,Sharp Objects,Â£47.82,In stock,Four
644,Sapiens: A Brief History ...,Â£54.23,In stock,Five
645,The Requiem Red,Â£22.65,In stock,One
646,The Dirty Little Secrets ...,Â£33.34,In stock,Four
647,The Coming Woman: A ...,Â£17.93,In stock,Three
648,The Boys in the ...,Â£22.60,In stock,Four
649,The Black Maria,Â£52.15,In stock,One
650,Starving Hearts (Triangular Trade ...,Â£13.99,In stock,Two
651,Shakespeare's Sonnets,Â£20.66,In stock,Four
652,Set Me Free,Â£17.46,In stock,Five
653,Scott Pilgrim's Precious Little ...,Â£52.29,In stock,Five
654,Rip it Up and ...,Â£35.02,In stock,Five
655,Our Band Could Be ...,Â£57.25,In stock,Three
656,Olio,Â£23.88,In stock,One
657,Mesaerion: The Best Science ...,Â£37.59,In stock,One
658,Libertarianism for Beginners,Â£51.33,In stock,Two
659,It's Only the Himalayas,Â£45.17,In stock,Two
660,A Light in the ...,Â£51.77,In stock,Three
661,Tipping the Velvet,Â£53.74,In stock,One
662,Soumission,Â£50.10,In stock,One
663,Sharp Objects,Â£47.82,In stock,Four
664,Sapiens: A Brief History ...,Â£54.23,In stock,Five
665,The Requiem Red,Â£22.65,In stock,One
666,The Dirty Little Secrets ...,Â£33.34,In stock,Four
667,The Coming Woman: A ...,Â£17.93,In stock,Three
668,The Boys in the ...,Â£22.60,In stock,Four
669,The Black Maria,Â£52.15,In stock,One
670,Starving Hearts (Triangular Trade ...,Â£13.99,In stock,Two
671,Shakespeare's Sonnets,Â£20.66,In stock,Four
672,Set Me Free,Â£17.46,In stock,Five
673,Scott Pilgrim's Precious Little ...,Â£52.29,In stock,Five
674,Rip it Up and ...,Â£35.02,In stock,Five
675,Our Band Could Be ...,Â£57.25,In stock,Three
676,Olio,Â£23.88,In stock,One
677,Mesaerion: The Best Science ...,Â£37.59,In stock,One
678,Libertarianism for Beginners,Â£51.33,In stock,Two
679,It's Only the Himalayas,Â£45.17,In stock,Two
680,A Light in the ...,Â£51.77,In stock,Three
681,Tipping the Velvet,Â£53.74,In stock,One
682,Soumission,Â£50.10,In stock,One
683,Sharp Objects,Â£47.82,In stock,Four
684,Sapiens: A Brief History ...,Â£54.23,In stock,Five
685,The Requiem Red,Â£22.65,In stock,One
686,The Dirty Little Secrets ...,Â£33.34,In stock,Four
687,The Coming Woman: A ...,Â£17.93,In stock,Three
688,The Boys in the ...,Â£22.60,In stock,Four
689,The Black Maria,Â£52.15,In stock,One
690,Starving Hearts (Triangular Trade ...,Â£13.99,In stock,Two
691,Shakespeare's Sonnets,Â£20.66,In stock,Four
692,Set Me Free,Â£17.46,In stock,Five
693,Scott Pilgrim's Precious Little ...,Â£52.29,In stock,Five
694,Rip it Up and ...,Â£35.02,In stock,Five
695,Our Band Could Be ...,Â£57.25,In stock,Three
696,Olio,Â£23.88,In stock,One
697,Mesaerion: The Best Science ...,Â£37.59,In stock,One
698,Libertarianism for Beginners,Â£51.33,In stock,Two
699,It's Only the Himalayas,Â£45.17,In stock,Two
700,A Light in the ...,Â£51.77,In stock,Three
701,Tipping the Velvet,Â£53.74,In stock,One
702,Soumission,Â£50.10,In stock,One
703,Sharp Objects,Â£47.82,In stock,Four
704,Sapiens: A Brief History ...,Â£54.23,In stock,Five
705,The Requiem Red,Â£22.65,In stock,One
706,The Dirty Little Secrets ...,Â£33.34,In stock,Four
707,The Coming Woman: A ...,Â£17.93,In stock,Three
708,The Boys in the ...,Â£22.60,In stock,Four
709,The Black Maria,Â£52.15,In stock,One
710,Starving Hearts (Triangular Trade ...,Â£13.99,In stock,Two
711,Shakespeare's Sonnets,Â£20.66,In stock,Four
712,Set Me Free,Â£17.46,In stock,Five
713,Scott Pilgrim's Precious Little ...,Â£52.29,In stock,Five
714,Rip it Up and ...,Â£35.02,In stock,Five
715,Our Band Could Be ...,Â£57.25,In stock,Three
716,Olio,Â£23.88,In stock,One
717,Mesaerion: The Best Science ...,Â£37.59,In stock,One
718,Libertarianism for Beginners,Â£51.33,In stock,Two
719,It's Only the Himalayas,Â£45.17,In stock,Two
720,A Light in the ...,Â£51.77,In stock,Three
721,Tipping the Velvet,Â£53.74,In stock,One
722,Soumission,Â£50.10,In stock,One
723,Sharp Objects,Â£47.82,In stock,Four
724,Sapiens: A Brief History ...,Â£54.23,In stock,Five
725,The Requiem Red,Â£22.65,In stock,One
726,The Dirty Little Secrets ...,Â£33.34,In stock,Four
727,The Coming Woman: A ...,Â£17.93,In stock,Three
728,The Boys in the ...,Â£22.60,In stock,Four
729,The Black Maria,Â£52.15,In stock,One
730,Starving Hearts (Triangular Trade ...,Â£13.99,In stock,Two
731,Shakespeare's Sonnets,Â£20.66,In stock,Four
732,Set Me Free,Â£17.46,In stock,Five
733,Scott Pilgrim's Precious Little ...,Â£52.29,In stock,Five
734,Rip it Up and ...,Â£35.02,In stock,Five
735,Our Band Could Be ...,Â£57.25,In stock,Three
736,Olio,Â£23.88,In stock,One
737,Mesaerion: The Best Science ...,Â£37.59,In stock,One
738,Libertarianism for Beginners,Â£51.33,In stock,Two
739,It's Only the Himalayas,Â£45.17,In stock,Two
740,A Light in the ...,Â£51.77,In stock,Three
741,Tipping the Velvet,Â£53.74,In stock,One
742,Soumission,Â£50.10,In stock,One
743,Sharp Objects,Â£47.82,In stock,Four
744,Sapiens: A Brief History ...,Â£54.23,In stock,Five
745,The Requiem Red,Â£22.65,In stock,One
746,The Dirty Little Secrets ...,Â£33.34,In stock,Four
747,The Coming Woman: A ...,Â£17.93,In stock,Three
748,The Boys in the ...,Â£22.60,In stock,Four
749,The Black Maria,Â£52.15,In stock,One
750,Starving Hearts (Triangular Trade ...,Â£13.99,In stock,Two
751,Shakespeare's Sonnets,Â£20.66,In stock,Four
752,Set Me Free,Â£17.46,In stock,Five
753,Scott Pilgrim's Precious Little ...,Â£52.29,In stock,Five
754,Rip it Up and ...,Â£35.02,In stock,Five
755,Our Band Could Be ...,Â£57.25,In stock,Three
756,Olio,Â£23.88,In stock,One
757,Mesaerion: The Best Science ...,Â£37.59,In stock,One
758,Libertarianism for Beginners,Â£51.33,In stock,Two
759,It's Only the Himalayas,Â£45.17,In stock,Two
760,A Light in the ...,Â£51.77,In stock,Three
761,Tipping the Velvet,Â£53.74,In stock,One
762,Soumission,Â£50.10,In stock,One
763,Sharp Objects,Â£47.82,In stock,Four
764,Sapiens: A Brief History ...,Â£54.23,In stock,Five
765,The Requiem Red,Â£22.65,In stock,One
766,The Dirty Little Secrets ...,Â£33.34,In stock,Four
767,The Coming Woman: A ...,Â£17.93,In stock,Three
768,The Boys in the ...,Â£22.60,In stock,Four
769,The Black Maria,Â£52.15,In stock,One
770,Starving Hearts (Triangular Trade ...,Â£13.99,In stock,Two
771,Shakespeare's Sonnets,Â£20.66,In stock,Four
772,Set Me Free,Â£17.46,In stock,Five
773,Scott Pilgrim's Precious Little ...,Â£52.29,In stock,Five
774,Rip it Up and ...,Â£35.02,In stock,Five
775,Our Band Could Be ...,Â£57.25,In stock,Three
776,Olio,Â£23.88,In stock,One
777,Mesaerion: The Best Science ...,Â£37.59,In stock,One
778,Libertarianism for Beginners,Â£51.33,In stock,Two
779,It's Only the Himalayas,Â£45.17,In stock,Two
780,A Light in the ...,Â£51.77,In stock,Three
781,Tipping the Velvet,Â£53.74,In stock,One
782,Soumission,Â£50.10,In stock,One
783,Sharp Objects,Â£47.82,In stock,Four
784,Sapiens: A Brief History ...,Â£54.23,In stock,Five
785,The Requiem Red,Â£22.65,In stock,One
786,The Dirty Little Secrets ...,Â£33.34,In stock,Four
787,The Coming Woman: A ...,Â£17.93,In stock,Three
788,The Boys in the ...,Â£22.60,In stock,Four
789,The Black Maria,Â£52.15,In stock,One
790,Starving Hearts (Triangular Trade ...,Â£13.99,In stock,Two
791,Shakespeare's Sonnets,Â£20.66,In stock,Four
792,Set Me Free,Â£17.46,In stock,Five
793,Scott Pilgrim's Precious Little ...,Â£52.29,In stock,Five
794,Rip it Up and ...,Â£35.02,In stock,Five
795,Our Band Could Be ...,Â£57.25,In stock,Three
796,Olio,Â£23.88,In stock,One
797,Mesaerion: The Best Science ...,Â£37.59,In stock,One
798,Libertarianism for Beginners,Â£51.33,In stock,Two
799,It's Only the Himalayas,Â£45.17,In stock,Two
800,A Light in the ...,Â£51.77,In stock,Three
801,Tipping the Velvet,Â£53.74,In stock,One
802,Soumission,Â£50.10,In stock,One
803,Sharp Objects,Â£47.82,In stock,Four
804,Sapiens: A Brief History ...,Â£54.23,In stock,Five
805,The Requiem Red,Â£22.65,In stock,One
806,The Dirty Little Secrets ...,Â£33.34,In stock,Four
807,The Coming Woman: A ...,Â£17.93,In stock,Three
808,The Boys in the ...,Â£22.60,In stock,Four
809,The Black Maria,Â£52.15,In stock,One
810,Starving Hearts (Triangular Trade ...,Â£13.99,In stock,Two
811,Shakespeare's Sonnets,Â£20.66,In stock,Four
812,Set Me Free,Â£17.46,In stock,Five
813,Scott Pilgrim's Precious Little ...,Â£52.29,In stock,Five
814,Rip it Up and ...,Â£35.02,In stock,Five
815,Our Band Could Be ...,Â£57.25,In stock,Three
816,Olio,Â£23.88,In stock,One
817,Mesaerion: The Best Science ...,Â£37.59,In stock,One
818,Libertarianism for Beginners,Â£51.33,In stock,Two
819,It's Only the Himalayas,Â£45.17,In stock,Two
820,A Light in the ...,Â£51.77,In stock,Three
821,Tipping the Velvet,Â£53.74,In stock,One
822,Soumission,Â£50.10,In stock,One
823,Sharp Objects,Â£47.82,In stock,Four
824,Sapiens: A Brief History ...,Â£54.23,In stock,Five
825,The Requiem Red,Â£22.65,In stock,One
826,The Dirty Little Secrets ...,Â£33.34,In stock,Four
827,The Coming Woman: A ...,Â£17.93,In stock,Three
828,The Boys in the ...,Â£22.60,In stock,Four
829,The Black Maria,Â£52.15,In stock,One
830,Starving Hearts (Triangular Trade ...,Â£13.99,In stock,Two
831,Shakespeare's Sonnets,Â£20.66,In stock,Four
832,Set Me Free,Â£17.46,In stock,Five
833,Scott Pilgrim's Precious Little ...,Â£52.29,In stock,Five
834,Rip it Up and ...,Â£35.02,In stock,Five
835,Our Band Could Be ...,Â£57.25,In stock,Three
836,Olio,Â£23.88,In stock,One
837,Mesaerion: The Best Science ...,Â£37.59,In stock,One
838,Libertarianism for Beginners,Â£51.33,In stock,Two
839,It's Only the Himalayas,Â£45.17,In stock,Two
840,A Light in the ...,Â£51.77,In stock,Three
841,Tipping the Velvet,Â£53.74,In stock,One
842,Soumission,Â£50.10,In stock,One
843,Sharp Objects,Â£47.82,In stock,Four
844,Sapiens: A Brief History ...,Â£54.23,In stock,Five
845,The Requiem Red,Â£22.65,In stock,One
846,The Dirty Little Secrets ...,Â£33.34,In stock,Four
847,The Coming Woman: A ...,Â£17.93,In stock,Three
848,The Boys in the ...,Â£22.60,In stock,Four
849,The Black Maria,Â£52.15,In stock,One
850,Starving Hearts (Triangular Trade ...,Â£13.99,In stock,Two
851,Shakespeare's Sonnets,Â£20.66,In stock,Four
852,Set Me Free,Â£17.46,In stock,Five
853,Scott Pilgrim's Precious Little ...,Â£52.29,In stock,Five
854,Rip it Up and ...,Â£35.02,In stock,Five
855,Our Band Could Be ...,Â£57.25,In stock,Three
856,Olio,Â£23.88,In stock,One
857,Mesaerion: The Best Science ...,Â£37.59,In stock,One
858,Libertarianism for Beginners,Â£51.33,In stock,Two
859,It's Only the Himalayas,Â£45.17,In stock,Two
860,A Light in the ...,Â£51.77,In stock,Three
861,Tipping the Velvet,Â£53.74,In stock,One
862,Soumission,Â£50.10,In stock,One
863,Sharp Objects,Â£47.82,In stock,Four
864,Sapiens: A Brief History ...,Â£54.23,In stock,Five
865,The Requiem Red,Â£22.65,In stock,One
866,The Dirty Little Secrets ...,Â£33.34,In stock,Four
867,The Coming Woman: A ...,Â£17.93,In stock,Three
868,The Boys in the ...,Â£22.60,In stock,Four
869,The Black Maria,Â£52.15,In stock,One
870,Starving Hearts (Triangular Trade ...,Â£13.99,In stock,Two
871,Shakespeare's Sonnets,Â£20.66,In stock,Four
872,Set Me Free,Â£17.46,In stock,Five
873,Scott Pilgrim's Precious Little ...,Â£52.29,In stock,Five
874,Rip it Up and ...,Â£35.02,In stock,Five
875,Our Band Could Be ...,Â£57.25,In stock,Three
876,Olio,Â£23.88,In stock,One
877,Mesaerion: The Best Science ...,Â£37.59,In stock,One
878,Libertarianism for Beginners,Â£51.33,In stock,Two
879,It's Only the Himalayas,Â£45.17,In stock,Two
880,A Light in the ...,Â£51.77,In stock,Three
881,Tipping the Velvet,Â£53.74,In stock,One
882,Soumission,Â£50.10,In stock,One
883,Sharp Objects,Â£47.82,In stock,Four
884,Sapiens: A Brief History ...,Â£54.23,In stock,Five
885,The Requiem Red,Â£22.65,In stock,One
886,The Dirty Little Secrets ...,Â£33.34,In stock,Four
887,The Coming Woman: A ...,Â£17.93,In stock,Three
888,The Boys in the ...,Â£22.60,In stock,Four
889,The Black Maria,Â£52.15,In stock,One
890,Starving Hearts (Triangular Trade ...,Â£13.99,In stock,Two
891,Shakespeare's Sonnets,Â£20.66,In stock,Four
892,Set Me Free,Â£17.46,In stock,Five
893,Scott Pilgrim's Precious Little ...,Â£52.29,In stock,Five
894,Rip it Up and ...,Â£35.02,In stock,Five
895,Our Band Could Be ...,Â£57.25,In stock,Three
896,Olio,Â£23.88,In stock,One
897,Mesaerion: The Best Science ...,Â£37.59,In stock,One
898,Libertarianism for Beginners,Â£51.33,In stock,Two
899,It's Only the Himalayas,Â£45.17,In stock,Two
900,A Light in the ...,Â£51.77,In stock,Three
901,Tipping the Velvet,Â£53.74,In stock,One
902,Soumission,Â£50.10,In stock,One
903,Sharp Objects,Â£47.82,In stock,Four
904,Sapiens: A Brief History ...,Â£54.23,In stock,Five
905,The Requiem Red,Â£22.65,In stock,One
906,The Dirty Little Secrets ...,Â£33.34,In stock,Four
907,The Coming Woman: A ...,Â£17.93,In stock,Three
908,The Boys in the ...,Â£22.60,In stock,Four
909,The Black Maria,Â£52.15,In stock,One
910,Starving Hearts (Triangular Trade ...,Â£13.99,In stock,Two
911,Shakespeare's Sonnets,Â£20.66,In stock,Four
912,Set Me Free,Â£17.46,In stock,Five
913,Scott Pilgrim's Precious Little ...,Â£52.29,In stock,Five
914,Rip it Up and ...,Â£35.02,In stock,Five
915,Our Band Could Be ...,Â£57.25,In stock,Three
916,Olio,Â£23.88,In stock,One
917,Mesaerion: The Best Science ...,Â£37.59,In stock,One
918,Libertarianism for Beginners,Â£51.33,In stock,Two
919,It's Only the Himalayas,Â£45.17,In stock,Two
920,A Light in the ...,Â£51.77,In stock,Three
921,Tipping the Velvet,Â£53.74,In stock,One
922,Soumission,Â£50.10,In stock,One
923,Sharp Objects,Â£47.82,In stock,Four
924,Sapiens: A Brief History ...,Â£54.23,In stock,Five
925,The Requiem Red,Â£22.65,In stock,One
926,The Dirty Little Secrets ...,Â£33.34,In stock,Four
927,The Coming Woman: A ...,Â£17.93,In stock,Three
928,The Boys in the ...,Â£22.60,In stock,Four
929,The Black Maria,Â£52.15,In stock,One
930,Starving Hearts (Triangular Trade ...,Â£13.99,In stock,Two
931,Shakespeare's Sonnets,Â£20.66,In stock,Four
932,Set Me Free,Â£17.46,In stock,Five
933,Scott Pilgrim's Precious Little ...,Â£52.29,In stock,Five
934,Rip it Up and ...,Â£35.02,In stock,Five
935,Our Band Could Be ...,Â£57.25,In stock,Three
936,Olio,Â£23.88,In stock,One
937,Mesaerion: The Best Science ...,Â£37.59,In stock,One
938,Libertarianism for Beginners,Â£51.33,In stock,Two
939,It's Only the Himalayas,Â£45.17,In stock,Two
940,A Light in the ...,Â£51.77,In stock,Three
941,Tipping the Velvet,Â£53.74,In stock,One
942,Soumission,Â£50.10,In stock,One
943,Sharp Objects,Â£47.82,In stock,Four
944,Sapiens: A Brief History ...,Â£54.23,In stock,Five
945,The Requiem Red,Â£22.65,In stock,One
946,The Dirty Little Secrets ...,Â£33.34,In stock,Four
947,The Coming Woman: A ...,Â£17.93,In stock,Three
948,The Boys in the ...,Â£22.60,In stock,Four
949,The Black Maria,Â£52.15,In stock,One
950,Starving Hearts (Triangular Trade ...,Â£13.99,In stock,Two
951,Shakespeare's Sonnets,Â£20.66,In stock,Four
952,Set Me Free,Â£17.46,In stock,Five
953,Scott Pilgrim's Precious Little ...,Â£52.29,In stock,Five
954,Rip it Up and ...,Â£35.02,In stock,Five
955,Our Band Could Be ...,Â£57.25,In stock,Three
956,Olio,Â£23.88,In stock,One
957,Mesaerion: The Best Science ...,Â£37.59,In stock,One
958,Libertarianism for Beginners,Â£51.33,In stock,Two
959,It's Only the Himalayas,Â£45.17,In stock,Two
960,A Light in the ...,Â£51.77,In stock,Three
961,Tipping the Velvet,Â£53.74,In stock,One
962,Soumission,Â£50.10,In stock,One
963,Sharp Objects,Â£47.82,In stock,Four
964,Sapiens: A Brief History ...,Â£54.23,In stock,Five
965,The Requiem Red,Â£22.65,In stock,One
966,The Dirty Little Secrets ...,Â£33.34,In stock,Four
967,The Coming Woman: A ...,Â£17.93,In stock,Three
968,The Boys in the ...,Â£22.60,In stock,Four
969,The Black Maria,Â£52.15,In stock,One
970,Starving Hearts (Triangular Trade ...,Â£13.99,In stock,Two
971,Shakespeare's Sonnets,Â£20.66,In stock,Four
972,Set Me Free,Â£17.46,In stock,Five
973,Scott Pilgrim's Precious Little ...,Â£52.29,In stock,Five
974,Rip it Up and ...,Â£35.02,In stock,Five
975,Our Band Could Be ...,Â£57.25,In stock,Three
976,Olio,Â£23.88,In stock,One
977,Mesaerion: The Best Science ...,Â£37.59,In stock,One
978,Libertarianism for Beginners,Â£51.33,In stock,Two
979,It's Only the Himalayas,Â£45.17,In stock,Two
980,A Light in the ...,Â£51.77,In stock,Three
981,Tipping the Velvet,Â£53.74,In stock,One
982,Soumission,Â£50.10,In stock,One
983,Sharp Objects,Â£47.82,In stock,Four
984,Sapiens: A Brief History ...,Â£54.23,In stock,Five
985,The Requiem Red,Â£22.65,In stock,One
986,The Dirty Little Secrets ...,Â£33.34,In stock,Four
987,The Coming Woman: A ...,Â£17.93,In stock,Three
988,The Boys in the ...,Â£22.60,In stock,Four
989,The Black Maria,Â£52.15,In stock,One
990,Starving Hearts (Triangular Trade ...,Â£13.99,In stock,Two
991,Shakespeare's Sonnets,Â£20.66,In stock,Four
992,Set Me Free,Â£17.46,In stock,Five
993,Scott Pilgrim's Precious Little ...,Â£52.29,In stock,Five
994,Rip it Up and ...,Â£35.02,In stock,Five
995,Our Band Could Be ...,Â£57.25,In stock,Three
996,Olio,Â£23.88,In stock,One
997,Mesaerion: The Best Science ...,Â£37.59,In stock,One
998,Libertarianism for Beginners,Â£51.33,In stock,Two
999,It's Only the Himalayas,Â£45.17,In stock,Two
